game_id,game_date,bet_side,odds_tier,prob,edge,kelly_fraction,win,pnl,bankroll
G0007,2024-01-02,HOME,matched,0.6377,0.0884,0.0947,0,-0.0947,0.9053
G0005,2024-01-02,HOME,matched,0.7477,0.0306,0.0417,0,-0.0417,0.8636
G0008,2024-01-03,HOME,matched,0.5262,0.0613,0.0488,1,0.04441,0.90801
G0015,2024-01-04,AWAY,default,0.6946,0.0516,0.0369,0,-0.0369,0.87111
G0012,2024-01-04,HOME,matched,0.7144,0.0832,0.0979,1,0.08909,0.9602
G0018,2024-01-05,AWAY,matched,0.6202,0.0572,0.0428,0,-0.0428,0.9174
G0022,2024-01-06,HOME,default,0.6024,0.0785,0.0175,0,-0.0175,0.8999
G0033,2024-01-09,HOME,matched,0.6329,0.0653,0.0692,1,0.06297,0.96287
G0037,2024-01-10,HOME,matched,0.7337,0.0983,0.0745,0,-0.0745,0.88837
G0044,2024-01-12,AWAY,unmatched,0.565,0.0536,0.0435,1,0.03958,0.92795
G0045,2024-01-12,HOME,mirrored,0.7342,0.099,0.029,1,0.02639,0.95434
G0055,2024-01-14,AWAY,matched,0.7098,0.0532,0.0468,1,0.04259,0.99693
G0063,2024-01-16,HOME,default,0.5482,0.0346,0.0495,0,-0.0495,0.94743
G0064,2024-01-17,AWAY,matched,0.6208,0.0826,0.0996,1,0.09064,1.03807
G0071,2024-01-18,HOME,matched,0.7563,0.0417,0.0873,1,0.07944,1.11751
G0074,2024-01-19,AWAY,matched,0.5001,0.0653,0.0659,0,-0.0659,1.05161
G0076,2024-01-20,HOME,matched,0.5721,0.0717,0.0275,1,0.02502,1.07663
G0083,2024-01-21,HOME,matched,0.6715,0.036,0.0719,1,0.06543,1.14206
G0089,2024-01-23,HOME,matched,0.6374,0.0228,0.0783,0,-0.0783,1.06376
G0092,2024-01-24,AWAY,matched,0.7912,0.099,0.0168,0,-0.0168,1.04696
G0097,2024-01-25,HOME,matched,0.7836,0.0854,0.0442,1,0.04022,1.08718
G0096,2024-01-25,AWAY,matched,0.7107,0.0299,0.0394,1,0.03585,1.12303
G0101,2024-01-26,AWAY,matched,0.6606000000000001,0.0878,0.0613,1,0.05578,1.17881
G0104,2024-01-27,AWAY,default,0.6403,0.0407,0.0688,0,-0.0688,1.11001
G0106,2024-01-27,AWAY,default,0.5343,0.0398,0.0263,0,-0.0263,1.08371
G0109,2024-01-28,HOME,matched,0.6392,0.0818,0.0523,0,-0.0523,1.03141
G0108,2024-01-28,AWAY,mirrored,0.7757000000000001,0.0806,0.0993,1,0.09036,1.12177
G0110,2024-01-28,HOME,mirrored,0.5686,0.0877,0.0114,1,0.01037,1.13214
G0111,2024-01-28,AWAY,matched,0.783,0.0309,0.0434,1,0.03949,1.17163
G0116,2024-01-30,HOME,matched,0.7575,0.0798,0.0401,1,0.03649,1.20812
G0118,2024-01-30,HOME,matched,0.7048,0.0576,0.0465,0,-0.0465,1.16162
G0122,2024-01-31,HOME,matched,0.7796,0.0461,0.0882,0,-0.0882,1.07342
G0125,2024-02-01,AWAY,matched,0.655,0.0787,0.0494,1,0.04495,1.11837
G0134,2024-02-03,AWAY,matched,0.6269,0.0876,0.0895,1,0.08144,1.19981
G0139,2024-02-04,AWAY,matched,0.5784,0.0458,0.0618,0,-0.0618,1.13801
G0145,2024-02-06,HOME,default,0.746,0.0324,0.0482,1,0.04386,1.18187
G0144,2024-02-06,AWAY,matched,0.5561,0.0993,0.0327,0,-0.0327,1.14917
G0149,2024-02-07,HOME,mirrored,0.6979,0.0935,0.0841,0,-0.0841,1.06507
G0153,2024-02-08,HOME,mirrored,0.5916,0.0432,0.068,1,0.06188,1.12695
G0154,2024-02-08,AWAY,matched,0.6356999999999999,0.0852,0.0291,1,0.02648,1.15343
G0152,2024-02-08,AWAY,matched,0.7528,0.0272,0.0217,1,0.01975,1.17318
G0157,2024-02-09,AWAY,matched,0.7239,0.093,0.0213,0,-0.0213,1.15188
G0158,2024-02-09,HOME,default,0.7189,0.082,0.0918,1,0.08354,1.23542
G0156,2024-02-09,HOME,default,0.7663,0.0357,0.0463,0,-0.0463,1.18912
G0166,2024-02-11,AWAY,default,0.6381,0.0437,0.0838,1,0.07626,1.26538
G0170,2024-02-12,AWAY,matched,0.5933999999999999,0.0676,0.0906,1,0.08245,1.34783
G0168,2024-02-12,HOME,default,0.7288,0.0485,0.0304,1,0.02766,1.37549
G0179,2024-02-14,HOME,matched,0.6489,0.0789,0.0129,1,0.01174,1.38723
G0184,2024-02-16,HOME,unmatched,0.6288,0.0674,0.0262,1,0.02384,1.41107
G0194,2024-02-18,HOME,matched,0.7892,0.0366,0.0796,0,-0.0796,1.33147
G0199,2024-02-19,HOME,matched,0.5539,0.0688,0.0114,1,0.01037,1.34184
G0202,2024-02-20,HOME,default,0.6035,0.0211,0.0608,1,0.05533,1.39717
G0219,2024-02-24,HOME,matched,0.6596,0.0289,0.0272,1,0.02475,1.42192
G0221,2024-02-25,AWAY,matched,0.7236,0.0329,0.079,0,-0.079,1.34292
G0220,2024-02-25,HOME,default,0.7492,0.0483,0.0531,0,-0.0531,1.28982
G0227,2024-02-26,AWAY,matched,0.7019,0.021,0.0594,1,0.05405,1.34387
G0231,2024-02-27,AWAY,default,0.5238,0.0944,0.0364,0,-0.0364,1.30747
G0234,2024-02-28,AWAY,matched,0.7444,0.0392,0.0511,1,0.0465,1.35397
G0233,2024-02-28,HOME,matched,0.6738,0.0417,0.0141,0,-0.0141,1.33987
G0239,2024-02-29,HOME,mirrored,0.7932,0.0501,0.0829,1,0.07544,1.41531
