game_id,game_date,odds_tier
G0000,2024-01-01,matched
G0001,2024-01-01,matched
G0002,2024-01-01,matched
G0003,2024-01-01,matched
G0004,2024-01-02,matched
G0005,2024-01-02,matched
G0006,2024-01-02,matched
G0007,2024-01-02,matched
G0008,2024-01-03,matched
G0009,2024-01-03,matched
G0010,2024-01-03,matched
G0011,2024-01-03,unmatched
G0012,2024-01-04,matched
G0013,2024-01-04,default
G0014,2024-01-04,matched
G0015,2024-01-04,default
G0016,2024-01-05,default
G0017,2024-01-05,matched
G0018,2024-01-05,matched
G0019,2024-01-05,matched
G0020,2024-01-06,matched
G0021,2024-01-06,unmatched
G0022,2024-01-06,default
G0023,2024-01-06,unmatched
G0024,2024-01-07,matched
G0025,2024-01-07,matched
G0026,2024-01-07,default
G0027,2024-01-07,matched
G0028,2024-01-08,matched
G0029,2024-01-08,default
G0030,2024-01-08,matched
G0031,2024-01-08,mirrored
G0032,2024-01-09,matched
G0033,2024-01-09,matched
G0034,2024-01-09,matched
G0035,2024-01-09,matched
G0036,2024-01-10,matched
G0037,2024-01-10,matched
G0038,2024-01-10,matched
G0039,2024-01-10,mirrored
G0040,2024-01-11,matched
G0041,2024-01-11,matched
G0042,2024-01-11,mirrored
G0043,2024-01-11,matched
G0044,2024-01-12,unmatched
G0045,2024-01-12,mirrored
G0046,2024-01-12,default
G0047,2024-01-12,matched
G0048,2024-01-13,matched
G0049,2024-01-13,matched
G0050,2024-01-13,matched
G0051,2024-01-13,matched
G0052,2024-01-14,matched
G0053,2024-01-14,mirrored
G0054,2024-01-14,default
G0055,2024-01-14,matched
G0056,2024-01-15,matched
G0057,2024-01-15,matched
G0058,2024-01-15,mirrored
G0059,2024-01-15,matched
G0060,2024-01-16,matched
G0061,2024-01-16,mirrored
G0062,2024-01-16,matched
G0063,2024-01-16,default
G0064,2024-01-17,matched
G0065,2024-01-17,matched
G0066,2024-01-17,matched
G0067,2024-01-17,matched
G0068,2024-01-18,matched
G0069,2024-01-18,matched
G0070,2024-01-18,default
G0071,2024-01-18,matched
G0072,2024-01-19,matched
G0073,2024-01-19,matched
G0074,2024-01-19,matched
G0075,2024-01-19,default
G0076,2024-01-20,matched
G0077,2024-01-20,matched
G0078,2024-01-20,matched
G0079,2024-01-20,matched
G0080,2024-01-21,matched
G0081,2024-01-21,matched
G0082,2024-01-21,default
G0083,2024-01-21,matched
G0084,2024-01-22,matched
G0085,2024-01-22,matched
G0086,2024-01-22,matched
G0087,2024-01-22,matched
G0088,2024-01-23,matched
G0089,2024-01-23,matched
G0090,2024-01-23,default
G0091,2024-01-23,matched
G0092,2024-01-24,matched
G0093,2024-01-24,matched
G0094,2024-01-24,matched
G0095,2024-01-24,matched
G0096,2024-01-25,matched
G0097,2024-01-25,matched
G0098,2024-01-25,mirrored
G0099,2024-01-25,mirrored
G0100,2024-01-26,matched
G0101,2024-01-26,matched
G0102,2024-01-26,matched
G0103,2024-01-26,matched
G0104,2024-01-27,default
G0105,2024-01-27,matched
G0106,2024-01-27,default
G0107,2024-01-27,matched
G0108,2024-01-28,mirrored
G0109,2024-01-28,matched
G0110,2024-01-28,mirrored
G0111,2024-01-28,matched
G0112,2024-01-29,default
G0113,2024-01-29,matched
G0114,2024-01-29,matched
G0115,2024-01-29,mirrored
G0116,2024-01-30,matched
G0117,2024-01-30,matched
G0118,2024-01-30,matched
G0119,2024-01-30,matched
G0120,2024-01-31,matched
G0121,2024-01-31,matched
G0122,2024-01-31,matched
G0123,2024-01-31,matched
G0124,2024-02-01,matched
G0125,2024-02-01,matched
G0126,2024-02-01,matched
G0127,2024-02-01,matched
G0128,2024-02-02,matched
G0129,2024-02-02,matched
G0130,2024-02-02,mirrored
G0131,2024-02-02,matched
G0132,2024-02-03,matched
G0133,2024-02-03,mirrored
G0134,2024-02-03,matched
G0135,2024-02-03,matched
G0136,2024-02-04,matched
G0137,2024-02-04,matched
G0138,2024-02-04,mirrored
G0139,2024-02-04,matched
G0140,2024-02-05,matched
G0141,2024-02-05,matched
G0142,2024-02-05,default
G0143,2024-02-05,mirrored
G0144,2024-02-06,matched
G0145,2024-02-06,default
G0146,2024-02-06,matched
G0147,2024-02-06,matched
G0148,2024-02-07,matched
G0149,2024-02-07,mirrored
G0150,2024-02-07,matched
G0151,2024-02-07,matched
G0152,2024-02-08,matched
G0153,2024-02-08,mirrored
G0154,2024-02-08,matched
G0155,2024-02-08,matched
G0156,2024-02-09,default
G0157,2024-02-09,matched
G0158,2024-02-09,default
G0159,2024-02-09,matched
G0160,2024-02-10,mirrored
G0161,2024-02-10,matched
G0162,2024-02-10,matched
G0163,2024-02-10,matched
G0164,2024-02-11,matched
G0165,2024-02-11,matched
G0166,2024-02-11,default
G0167,2024-02-11,matched
G0168,2024-02-12,default
G0169,2024-02-12,default
G0170,2024-02-12,matched
G0171,2024-02-12,matched
G0172,2024-02-13,matched
G0173,2024-02-13,matched
G0174,2024-02-13,unmatched
G0175,2024-02-13,matched
G0176,2024-02-14,mirrored
G0177,2024-02-14,matched
G0178,2024-02-14,matched
G0179,2024-02-14,matched
G0180,2024-02-15,matched
G0181,2024-02-15,matched
G0182,2024-02-15,matched
G0183,2024-02-15,matched
G0184,2024-02-16,unmatched
G0185,2024-02-16,matched
G0186,2024-02-16,unmatched
G0187,2024-02-16,matched
G0188,2024-02-17,matched
G0189,2024-02-17,matched
G0190,2024-02-17,matched
G0191,2024-02-17,matched
G0192,2024-02-18,matched
G0193,2024-02-18,mirrored
G0194,2024-02-18,matched
G0195,2024-02-18,matched
G0196,2024-02-19,mirrored
G0197,2024-02-19,matched
G0198,2024-02-19,matched
G0199,2024-02-19,matched
G0200,2024-02-20,mirrored
G0201,2024-02-20,default
G0202,2024-02-20,default
G0203,2024-02-20,matched
G0204,2024-02-21,matched
G0205,2024-02-21,matched
G0206,2024-02-21,matched
G0207,2024-02-21,default
G0208,2024-02-22,matched
G0209,2024-02-22,matched
G0210,2024-02-22,mirrored
G0211,2024-02-22,matched
G0212,2024-02-23,unmatched
G0213,2024-02-23,matched
G0214,2024-02-23,default
G0215,2024-02-23,matched
G0216,2024-02-24,mirrored
G0217,2024-02-24,matched
G0218,2024-02-24,matched
G0219,2024-02-24,matched
G0220,2024-02-25,default
G0221,2024-02-25,matched
G0222,2024-02-25,matched
G0223,2024-02-25,matched
G0224,2024-02-26,default
G0225,2024-02-26,matched
G0226,2024-02-26,default
G0227,2024-02-26,matched
G0228,2024-02-27,unmatched
G0229,2024-02-27,mirrored
G0230,2024-02-27,default
G0231,2024-02-27,default
G0232,2024-02-28,default
G0233,2024-02-28,matched
G0234,2024-02-28,matched
G0235,2024-02-28,matched
G0236,2024-02-29,matched
G0237,2024-02-29,matched
G0238,2024-02-29,matched
G0239,2024-02-29,mirrored
