game_id,game_date,fold,p_home,home_win
G0000,2024-01-01,1,0.5822,1
G0001,2024-01-01,1,0.3619,0
G0002,2024-01-01,1,0.2246,0
G0003,2024-01-01,1,0.2099,0
G0004,2024-01-02,1,0.688,0
G0005,2024-01-02,1,0.7477,1
G0006,2024-01-02,1,0.564,0
G0007,2024-01-02,1,0.6377,0
G0008,2024-01-03,1,0.5262,1
G0009,2024-01-03,1,0.761,0
G0010,2024-01-03,1,0.6895,1
G0011,2024-01-03,1,0.2016,0
G0012,2024-01-04,1,0.7144,0
G0013,2024-01-04,1,0.2202,0
G0014,2024-01-04,1,0.6378,1
G0015,2024-01-04,1,0.3054,0
G0016,2024-01-05,1,0.7179,0
G0017,2024-01-05,1,0.5249,1
G0018,2024-01-05,1,0.3798,0
G0019,2024-01-05,1,0.4536,0
G0020,2024-01-06,1,0.217,0
G0021,2024-01-06,1,0.2746,0
G0022,2024-01-06,1,0.6024,0
G0023,2024-01-06,1,0.5883,1
G0024,2024-01-07,1,0.5692,1
G0025,2024-01-07,1,0.4302,1
G0026,2024-01-07,1,0.7983,1
G0027,2024-01-07,1,0.7885,1
G0028,2024-01-08,1,0.6113,1
G0029,2024-01-08,1,0.5903,1
G0030,2024-01-08,1,0.6131,0
G0031,2024-01-08,1,0.4334,0
G0032,2024-01-09,1,0.2811,1
G0033,2024-01-09,1,0.6329,0
G0034,2024-01-09,1,0.5152,0
G0035,2024-01-09,1,0.3861,0
G0036,2024-01-10,1,0.4915,0
G0037,2024-01-10,1,0.7337,1
G0038,2024-01-10,1,0.7604,0
G0039,2024-01-10,1,0.4147,0
G0040,2024-01-11,1,0.5429,1
G0041,2024-01-11,1,0.3931,0
G0042,2024-01-11,1,0.5566,0
G0043,2024-01-11,1,0.4027,0
G0044,2024-01-12,1,0.435,0
G0045,2024-01-12,1,0.7342,1
G0046,2024-01-12,1,0.3363,1
G0047,2024-01-12,1,0.5739,0
G0048,2024-01-13,1,0.2504,0
G0049,2024-01-13,1,0.6996,1
G0050,2024-01-13,1,0.6723,1
G0051,2024-01-13,1,0.3436,1
G0052,2024-01-14,1,0.7259,1
G0053,2024-01-14,1,0.2351,0
G0054,2024-01-14,1,0.4017,0
G0055,2024-01-14,1,0.2902,0
G0056,2024-01-15,1,0.4702,1
G0057,2024-01-15,1,0.6778,0
G0058,2024-01-15,1,0.3384,0
G0059,2024-01-15,1,0.2312,0
G0060,2024-01-16,1,0.4427,0
G0061,2024-01-16,1,0.3191,0
G0062,2024-01-16,1,0.2545,1
G0063,2024-01-16,1,0.5482,0
G0064,2024-01-17,1,0.3792,0
G0065,2024-01-17,1,0.6032,0
G0066,2024-01-17,1,0.3197,0
G0067,2024-01-17,1,0.7653,0
G0068,2024-01-18,1,0.4191,0
G0069,2024-01-18,1,0.2633,0
G0070,2024-01-18,1,0.5775,1
G0071,2024-01-18,1,0.7563,1
G0072,2024-01-19,1,0.4642,0
G0073,2024-01-19,1,0.7728,1
G0074,2024-01-19,1,0.4999,0
G0075,2024-01-19,1,0.4551,1
G0076,2024-01-20,1,0.5721,0
G0077,2024-01-20,1,0.7971,1
G0078,2024-01-20,1,0.7694,1
G0079,2024-01-20,1,0.476,0
G0080,2024-01-21,2,0.6546,1
G0081,2024-01-21,2,0.4985,1
G0082,2024-01-21,2,0.5176,0
G0083,2024-01-21,2,0.6715,1
G0084,2024-01-22,2,0.4488,0
G0085,2024-01-22,2,0.6407,1
G0086,2024-01-22,2,0.6267,1
G0087,2024-01-22,2,0.7592,1
G0088,2024-01-23,2,0.269,0
G0089,2024-01-23,2,0.6374,1
G0090,2024-01-23,2,0.7565,0
G0091,2024-01-23,2,0.7808,1
G0092,2024-01-24,2,0.2088,0
G0093,2024-01-24,2,0.7182,1
G0094,2024-01-24,2,0.7887,1
G0095,2024-01-24,2,0.7743,0
G0096,2024-01-25,2,0.2893,0
G0097,2024-01-25,2,0.7836,1
G0098,2024-01-25,2,0.734,1
G0099,2024-01-25,2,0.6934,1
G0100,2024-01-26,2,0.488,1
G0101,2024-01-26,2,0.3394,0
G0102,2024-01-26,2,0.6811,0
G0103,2024-01-26,2,0.7541,1
G0104,2024-01-27,2,0.3597,0
G0105,2024-01-27,2,0.5234,1
G0106,2024-01-27,2,0.4657,1
G0107,2024-01-27,2,0.7586,1
G0108,2024-01-28,2,0.2243,0
G0109,2024-01-28,2,0.6392,0
G0110,2024-01-28,2,0.5686,0
G0111,2024-01-28,2,0.217,1
G0112,2024-01-29,2,0.6315,1
G0113,2024-01-29,2,0.2096,0
G0114,2024-01-29,2,0.6548,1
G0115,2024-01-29,2,0.5077,1
G0116,2024-01-30,2,0.7575,1
G0117,2024-01-30,2,0.2396,0
G0118,2024-01-30,2,0.7048,1
G0119,2024-01-30,2,0.24,1
G0120,2024-01-31,2,0.4066,0
G0121,2024-01-31,2,0.4582,0
G0122,2024-01-31,2,0.7796,1
G0123,2024-01-31,2,0.5373,1
G0124,2024-02-01,2,0.3553,1
G0125,2024-02-01,2,0.345,1
G0126,2024-02-01,2,0.7329,1
G0127,2024-02-01,2,0.3355,1
G0128,2024-02-02,2,0.2747,0
G0129,2024-02-02,2,0.373,1
G0130,2024-02-02,2,0.5517,1
G0131,2024-02-02,2,0.5325,1
G0132,2024-02-03,2,0.6858,1
G0133,2024-02-03,2,0.5363,0
G0134,2024-02-03,2,0.3731,0
G0135,2024-02-03,2,0.4477,0
G0136,2024-02-04,2,0.6909,1
G0137,2024-02-04,2,0.5759,1
G0138,2024-02-04,2,0.7754,1
G0139,2024-02-04,2,0.4216,0
G0140,2024-02-05,2,0.5316,1
G0141,2024-02-05,2,0.5564,1
G0142,2024-02-05,2,0.709,0
G0143,2024-02-05,2,0.2873,1
G0144,2024-02-06,2,0.4439,0
G0145,2024-02-06,2,0.746,0
G0146,2024-02-06,2,0.2258,0
G0147,2024-02-06,2,0.6936,1
G0148,2024-02-07,2,0.4492,0
G0149,2024-02-07,2,0.6979,1
G0150,2024-02-07,2,0.206,0
G0151,2024-02-07,2,0.419,0
G0152,2024-02-08,2,0.2472,0
G0153,2024-02-08,2,0.5916,0
G0154,2024-02-08,2,0.3643,0
G0155,2024-02-08,2,0.6216,1
G0156,2024-02-09,2,0.7663,1
G0157,2024-02-09,2,0.2761,1
G0158,2024-02-09,2,0.7189,1
G0159,2024-02-09,2,0.2357,0
G0160,2024-02-10,3,0.4285,1
G0161,2024-02-10,3,0.4579,0
G0162,2024-02-10,3,0.4933,1
G0163,2024-02-10,3,0.7859,1
G0164,2024-02-11,3,0.6654,1
G0165,2024-02-11,3,0.3853,0
G0166,2024-02-11,3,0.3619,1
G0167,2024-02-11,3,0.7179,0
G0168,2024-02-12,3,0.7288,1
G0169,2024-02-12,3,0.5064,0
G0170,2024-02-12,3,0.4066,0
G0171,2024-02-12,3,0.797,1
G0172,2024-02-13,3,0.3896,0
G0173,2024-02-13,3,0.3096,0
G0174,2024-02-13,3,0.7281,0
G0175,2024-02-13,3,0.6874,0
G0176,2024-02-14,3,0.6007,0
G0177,2024-02-14,3,0.775,0
G0178,2024-02-14,3,0.7554,1
G0179,2024-02-14,3,0.6489,1
G0180,2024-02-15,3,0.7164,1
G0181,2024-02-15,3,0.3483,1
G0182,2024-02-15,3,0.2847,0
G0183,2024-02-15,3,0.602,1
G0184,2024-02-16,3,0.6288,1
G0185,2024-02-16,3,0.3002,0
G0186,2024-02-16,3,0.4373,0
G0187,2024-02-16,3,0.7462,0
G0188,2024-02-17,3,0.5368,1
G0189,2024-02-17,3,0.547,0
G0190,2024-02-17,3,0.3165,0
G0191,2024-02-17,3,0.5156,0
G0192,2024-02-18,3,0.5141,0
G0193,2024-02-18,3,0.2534,0
G0194,2024-02-18,3,0.7892,1
G0195,2024-02-18,3,0.5428,1
G0196,2024-02-19,3,0.2038,0
G0197,2024-02-19,3,0.6636,1
G0198,2024-02-19,3,0.787,1
G0199,2024-02-19,3,0.5539,0
G0200,2024-02-20,3,0.3918,0
G0201,2024-02-20,3,0.3125,1
G0202,2024-02-20,3,0.6035,0
G0203,2024-02-20,3,0.3171,0
G0204,2024-02-21,3,0.5466,1
G0205,2024-02-21,3,0.5613,0
G0206,2024-02-21,3,0.7775,1
G0207,2024-02-21,3,0.2434,0
G0208,2024-02-22,3,0.5,1
G0209,2024-02-22,3,0.6465,1
G0210,2024-02-22,3,0.3063,0
G0211,2024-02-22,3,0.4328,0
G0212,2024-02-23,3,0.2377,0
G0213,2024-02-23,3,0.6355,1
G0214,2024-02-23,3,0.2527,0
G0215,2024-02-23,3,0.4371,0
G0216,2024-02-24,3,0.7241,0
G0217,2024-02-24,3,0.4834,1
G0218,2024-02-24,3,0.7476,1
G0219,2024-02-24,3,0.6596,0
G0220,2024-02-25,3,0.7492,0
G0221,2024-02-25,3,0.2764,1
G0222,2024-02-25,3,0.2441,1
G0223,2024-02-25,3,0.2422,0
G0224,2024-02-26,3,0.7213,0
G0225,2024-02-26,3,0.5804,0
G0226,2024-02-26,3,0.4979,1
G0227,2024-02-26,3,0.2981,1
G0228,2024-02-27,3,0.6042,1
G0229,2024-02-27,3,0.3908,0
G0230,2024-02-27,3,0.6265,1
G0231,2024-02-27,3,0.4762,1
G0232,2024-02-28,3,0.5045,0
G0233,2024-02-28,3,0.6738,1
G0234,2024-02-28,3,0.2556,1
G0235,2024-02-28,3,0.5473,0
G0236,2024-02-29,3,0.3183,0
G0237,2024-02-29,3,0.6849,1
G0238,2024-02-29,3,0.4933,1
G0239,2024-02-29,3,0.7932,1
